{
  "accuracy": 0.7604912998976459,
  "balanced_accuracy": 0.7540155081694822,
  "precision": 0.8910891089108911,
  "recall": 0.5732484076433121,
  "f1": 0.6976744186046512,
  "mcc": 0.5488133626356385,
  "auroc": 0.7786099712158975,
  "auprc": 0.8372539676102311,
  "threshold": 0.25,
  "mean_global_gate": 0.0,
  "num_samples": 977.0,
  "checkpoint_epoch": 7.0
}