{
  "accuracy": 0.7400204708290685,
  "balanced_accuracy": 0.7322700838347473,
  "precision": 0.9033457249070632,
  "recall": 0.5159235668789809,
  "f1": 0.6567567567567568,
  "mcc": 0.5196563223881178,
  "auroc": 0.7282965349982797,
  "auprc": 0.8048058449827312,
  "threshold": 0.85,
  "mean_global_gate": 0.33247859545715513,
  "num_samples": 977.0,
  "checkpoint_epoch": 10.0
}