{
  "accuracy": 0.7778915046059366,
  "balanced_accuracy": 0.7719887884662185,
  "precision": 0.89937106918239,
  "recall": 0.6072186836518046,
  "f1": 0.7249683143219264,
  "mcc": 0.5801101214821324,
  "auroc": 0.7844632981714122,
  "auprc": 0.8445170371989632,
  "threshold": 0.5,
  "mean_global_gate": 0.0,
  "num_samples": 977.0,
  "checkpoint_epoch": 6.0
}