{
  "accuracy": 0.9261168384879725,
  "balanced_accuracy": 0.8605207657365348,
  "precision": 0.5217391304347826,
  "recall": 0.782608695652174,
  "f1": 0.6260869565217392,
  "mcc": 0.6017808497792742,
  "auroc": 0.9446787800129786,
  "auprc": 0.693815394062739,
  "threshold": 0.5,
  "mean_global_gate": 0.0,
  "num_samples": 582.0,
  "checkpoint_epoch": 6.0
}