{
  "protocol": {
    "method": "stratified_percentile_bootstrap",
    "aggregate_method": "hierarchical_seed_then_stratified_sample_bootstrap",
    "iterations": 5000,
    "confidence": 0.95,
    "random_seed": 2026,
    "threshold": 0.5,
    "num_samples": 977,
    "num_positive": 471,
    "num_negative": 506,
    "num_model_seeds": 3
  },
  "runs": [
    {
      "path": "runs\\external_toxinpred3_1d\\seed42\\predictions.csv",
      "point_estimate": {
        "accuracy": 0.7778915046059366,
        "balanced_accuracy": 0.7719887884662185,
        "precision": 0.89937106918239,
        "recall": 0.6072186836518046,
        "f1": 0.7249683143219264,
        "mcc": 0.5801101214821324,
        "auroc": 0.7844632981714122,
        "auprc": 0.8445170371989632,
        "brier": 0.19144822226992345,
        "ece_10": 0.15246269792094344
      },
      "confidence_interval": {
        "accuracy": {
          "lower": 0.7543500511770727,
          "upper": 0.8024564994882293
        },
        "balanced_accuracy": {
          "lower": 0.7478663679162156,
          "upper": 0.7967340428656546
        },
        "precision": {
          "lower": 0.8676446240747955,
          "upper": 0.9294871794871795
        },
        "recall": {
          "lower": 0.5626326963906582,
          "upper": 0.6518046709129511
        },
        "f1": {
          "lower": 0.6890322580645161,
          "upper": 0.7596527433532021
        },
        "mcc": {
          "lower": 0.5336369042740134,
          "upper": 0.627341675245996
        },
        "auroc": {
          "lower": 0.7536184679808331,
          "upper": 0.8158377600429664
        },
        "auprc": {
          "lower": 0.8216330469923739,
          "upper": 0.8667559433930103
        },
        "brier": {
          "lower": 0.17154814286202885,
          "upper": 0.21193521409650087
        },
        "ece_10": {
          "lower": 0.13619182435258778,
          "upper": 0.18024406246151176
        }
      }
    },
    {
      "path": "runs\\external_toxinpred3_1d\\seed123\\predictions.csv",
      "point_estimate": {
        "accuracy": 0.797338792221085,
        "balanced_accuracy": 0.7923789263445868,
        "precision": 0.8979591836734694,
        "recall": 0.6539278131634819,
        "f1": 0.7567567567567567,
        "mcc": 0.6121672413519297,
        "auroc": 0.8502681201379624,
        "auprc": 0.8829495175393353,
        "brier": 0.16213434845965083,
        "ece_10": 0.11526760117299507
      },
      "confidence_interval": {
        "accuracy": {
          "lower": 0.7737973387922211,
          "upper": 0.8208802456499488
        },
        "balanced_accuracy": {
          "lower": 0.7687686719031914,
          "upper": 0.8165013468945898
        },
        "precision": {
          "lower": 0.8674351585014409,
          "upper": 0.9269043619687516
        },
        "recall": {
          "lower": 0.6114649681528662,
          "upper": 0.6963906581740976
        },
        "f1": {
          "lower": 0.7243086776218897,
          "upper": 0.7888349514563106
        },
        "mcc": {
          "lower": 0.5662125717330271,
          "upper": 0.6579557603673087
        },
        "auroc": {
          "lower": 0.8246550942826213,
          "upper": 0.8751753900120004
        },
        "auprc": {
          "lower": 0.8633264297639109,
          "upper": 0.9019240173364674
        },
        "brier": {
          "lower": 0.14398215779321621,
          "upper": 0.1798727254635817
        },
        "ece_10": {
          "lower": 0.10085667727544372,
          "upper": 0.14163597989754145
        }
      }
    },
    {
      "path": "runs\\external_toxinpred3_1d\\seed2025\\predictions.csv",
      "point_estimate": {
        "accuracy": 0.77482088024565,
        "balanced_accuracy": 0.7697586499165009,
        "precision": 0.8680351906158358,
        "recall": 0.6284501061571125,
        "f1": 0.729064039408867,
        "mcc": 0.5655686651352606,
        "auroc": 0.8450903384439801,
        "auprc": 0.874445068024974,
        "brier": 0.16980974871113874,
        "ece_10": 0.12265385181742336
      },
      "confidence_interval": {
        "accuracy": {
          "lower": 0.7502558853633572,
          "upper": 0.7983623336745138
        },
        "balanced_accuracy": {
          "lower": 0.7445728225204132,
          "upper": 0.7942482146303802
        },
        "precision": {
          "lower": 0.8347826086956521,
          "upper": 0.9011985288681896
        },
        "recall": {
          "lower": 0.583864118895966,
          "upper": 0.6709129511677282
        },
        "f1": {
          "lower": 0.6940286563342061,
          "upper": 0.761434166828004
        },
        "mcc": {
          "lower": 0.516696036734064,
          "upper": 0.6126862154563385
        },
        "auroc": {
          "lower": 0.8194280103723471,
          "upper": 0.8693598264561987
        },
        "auprc": {
          "lower": 0.8539483296630644,
          "upper": 0.8933662250959777
        },
        "brier": {
          "lower": 0.15265929574936793,
          "upper": 0.18800735834774873
        },
        "ece_10": {
          "lower": 0.10583487796171633,
          "upper": 0.14880278790264545
        }
      }
    }
  ],
  "aggregate": {
    "point_estimate": {
      "accuracy": 0.7833503923575572,
      "balanced_accuracy": 0.7780421215757688,
      "precision": 0.8884551478238985,
      "recall": 0.6298655343241331,
      "f1": 0.73692970349585,
      "mcc": 0.5859486759897742,
      "auroc": 0.8266072522511182,
      "auprc": 0.8673038742544241,
      "brier": 0.1744641064802377,
      "ece_10": 0.1301280503037873
    },
    "confidence_interval": {
      "accuracy": {
        "lower": 0.7543500511770727,
        "upper": 0.8147389969293757
      },
      "balanced_accuracy": {
        "lower": 0.7485253916903737,
        "upper": 0.8107193508051995
      },
      "precision": {
        "lower": 0.8427291367985863,
        "upper": 0.9251497005988024
      },
      "recall": {
        "lower": 0.5732484076433121,
        "upper": 0.6857749469214437
      },
      "f1": {
        "lower": 0.6958761273757145,
        "upper": 0.7818854445071928
      },
      "mcc": {
        "lower": 0.5267932422243663,
        "upper": 0.6461344877497496
      },
      "auroc": {
        "lower": 0.762412934383995,
        "upper": 0.8705685699420121
      },
      "auprc": {
        "lower": 0.8287963789606972,
        "upper": 0.897195904317122
      },
      "brier": {
        "lower": 0.14891371457954145,
        "upper": 0.20570030561227765
      },
      "ece_10": {
        "lower": 0.1053531008457548,
        "upper": 0.17385389773678447
      }
    }
  }
}
