{
  "accuracy": 0.7697031729785057,
  "balanced_accuracy": 0.7629087888018933,
  "precision": 0.9183673469387755,
  "recall": 0.5732484076433121,
  "f1": 0.7058823529411765,
  "mcc": 0.5728445624209698,
  "auroc": 0.7923936121111419,
  "auprc": 0.8458952967838373,
  "threshold": 0.85,
  "mean_global_gate": 0.3674232062017173,
  "num_samples": 977.0,
  "checkpoint_epoch": 15.0
}