{
  "accuracy": 0.797338792221085,
  "balanced_accuracy": 0.7923789263445868,
  "precision": 0.8979591836734694,
  "recall": 0.6539278131634819,
  "f1": 0.7567567567567567,
  "mcc": 0.6121672413519297,
  "auroc": 0.8502681201379624,
  "auprc": 0.8829495175393353,
  "threshold": 0.5,
  "mean_global_gate": 0.0,
  "num_samples": 977.0,
  "checkpoint_epoch": 6.0
}