{
  "protocol": {
    "features": "data\\processed\\train_prott5_official_mean.pt",
    "fold_manifest": "data\\folds\\train_cdhit080_fallback_folds.csv",
    "augmentation": "borderline_smote",
    "augmentation_scope": "training partition of each fold only",
    "checkpoint_selection": "validation maximum balanced_accuracy over exact thresholds; MCC tie-break",
    "checkpoint_objective": "max_bacc",
    "seed": 42,
    "epochs": 150,
    "patience": 20,
    "batch_size": 32,
    "learning_rate": 0.0005,
    "weight_decay": 0.0,
    "neighbor_backend": "auto",
    "smote_target_ratio": 1.0,
    "feature_metadata": {
      "source_fasta": "data/cdhit/input/train.fasta",
      "source_model": "/root/autodl-tmp/models/prot_t5_xl_half_uniref50-enc",
      "pooling": "official_with_eos",
      "includes_eos": true,
      "num_samples": 6387,
      "feature_dim": 1024
    }
  },
  "folds": [
    {
      "fold": 0,
      "num_train": 5116,
      "num_validation": 1271,
      "best_epoch": 27,
      "metrics_at_0_5": {
        "accuracy": 0.937844217151849,
        "balanced_accuracy": 0.9310441803501769,
        "precision": 0.8743455497382199,
        "recall": 0.915068493150685,
        "specificity": 0.9470198675496688,
        "f1": 0.8942436412315931,
        "mcc": 0.8507064991974507,
        "auroc": 0.9738909552753334,
        "auprc": 0.9451058766084478,
        "tp": 334.0,
        "tn": 858.0,
        "fp": 48.0,
        "fn": 31.0,
        "threshold": 0.5
      },
      "checkpoint_objective": "max_bacc",
      "selection_threshold": 0.3607867956161499,
      "selection_metrics": {
        "accuracy": 0.9346970889063729,
        "balanced_accuracy": 0.9337445946354592,
        "precision": 0.8542713567839196,
        "recall": 0.9315068493150684,
        "specificity": 0.9359823399558499,
        "f1": 0.8912188728702489,
        "mcc": 0.8463031248690603,
        "auroc": 0.9738909552753334,
        "auprc": 0.9451058766084478,
        "tp": 340.0,
        "tn": 848.0,
        "fp": 58.0,
        "fn": 25.0,
        "threshold": 0.3607867956161499
      },
      "smote_report": {
        "original_positive": 1453,
        "original_negative": 3663,
        "danger_positive": 208,
        "synthetic_positive": 2210,
        "output_positive": 3663,
        "output_negative": 3663
      }
    },
    {
      "fold": 1,
      "num_train": 5158,
      "num_validation": 1229,
      "best_epoch": 3,
      "metrics_at_0_5": {
        "accuracy": 0.9129373474369405,
        "balanced_accuracy": 0.9132160209691855,
        "precision": 0.8123456790123457,
        "recall": 0.9138888888888889,
        "specificity": 0.9125431530494822,
        "f1": 0.8601307189542483,
        "mcc": 0.8001606098419091,
        "auroc": 0.9623769338959213,
        "auprc": 0.9135390979438682,
        "tp": 329.0,
        "tn": 793.0,
        "fp": 76.0,
        "fn": 31.0,
        "threshold": 0.5
      },
      "checkpoint_objective": "max_bacc",
      "selection_threshold": 0.7403368353843689,
      "selection_metrics": {
        "accuracy": 0.9251423921887714,
        "balanced_accuracy": 0.9145249968034779,
        "precision": 0.8602150537634409,
        "recall": 0.8888888888888888,
        "specificity": 0.9401611047180668,
        "f1": 0.8743169398907102,
        "mcc": 0.8212586899875332,
        "auroc": 0.9623769338959213,
        "auprc": 0.9135390979438682,
        "tp": 320.0,
        "tn": 817.0,
        "fp": 52.0,
        "fn": 40.0,
        "threshold": 0.7403368353843689
      },
      "smote_report": {
        "original_positive": 1458,
        "original_negative": 3700,
        "danger_positive": 192,
        "synthetic_positive": 2242,
        "output_positive": 3700,
        "output_negative": 3700
      }
    },
    {
      "fold": 2,
      "num_train": 5114,
      "num_validation": 1273,
      "best_epoch": 7,
      "metrics_at_0_5": {
        "accuracy": 0.9198743126472899,
        "balanced_accuracy": 0.9039996691703527,
        "precision": 0.8489010989010989,
        "recall": 0.8679775280898876,
        "specificity": 0.9400218102508179,
        "f1": 0.8583333333333332,
        "mcc": 0.8025794556691659,
        "auroc": 0.9627816646857731,
        "auprc": 0.9080676795288075,
        "tp": 309.0,
        "tn": 862.0,
        "fp": 55.0,
        "fn": 47.0,
        "threshold": 0.5
      },
      "checkpoint_objective": "max_bacc",
      "selection_threshold": 0.41660723090171814,
      "selection_metrics": {
        "accuracy": 0.9245875883739199,
        "balanced_accuracy": 0.9141451116856383,
        "precision": 0.8475935828877005,
        "recall": 0.8904494382022472,
        "specificity": 0.9378407851690295,
        "f1": 0.8684931506849315,
        "mcc": 0.8161623470551237,
        "auroc": 0.9627816646857731,
        "auprc": 0.9080676795288075,
        "tp": 317.0,
        "tn": 860.0,
        "fp": 57.0,
        "fn": 39.0,
        "threshold": 0.41660723090171814
      },
      "smote_report": {
        "original_positive": 1462,
        "original_negative": 3652,
        "danger_positive": 197,
        "synthetic_positive": 2190,
        "output_positive": 3652,
        "output_negative": 3652
      }
    },
    {
      "fold": 3,
      "num_train": 5096,
      "num_validation": 1291,
      "best_epoch": 4,
      "metrics_at_0_5": {
        "accuracy": 0.9333849728892332,
        "balanced_accuracy": 0.9156301194412176,
        "precision": 0.8851540616246498,
        "recall": 0.8753462603878116,
        "specificity": 0.9559139784946237,
        "f1": 0.8802228412256267,
        "mcc": 0.8341123216956691,
        "auroc": 0.9629106722664046,
        "auprc": 0.9326506276919968,
        "tp": 316.0,
        "tn": 889.0,
        "fp": 41.0,
        "fn": 45.0,
        "threshold": 0.5
      },
      "checkpoint_objective": "max_bacc",
      "selection_threshold": 0.27713432908058167,
      "selection_metrics": {
        "accuracy": 0.930286599535244,
        "balanced_accuracy": 0.921953653233253,
        "precision": 0.8556430446194225,
        "recall": 0.9030470914127424,
        "specificity": 0.9408602150537635,
        "f1": 0.8787061994609164,
        "mcc": 0.8304368993222436,
        "auroc": 0.9629106722664046,
        "auprc": 0.9326506276919968,
        "tp": 326.0,
        "tn": 875.0,
        "fp": 55.0,
        "fn": 35.0,
        "threshold": 0.27713432908058167
      },
      "smote_report": {
        "original_positive": 1457,
        "original_negative": 3639,
        "danger_positive": 206,
        "synthetic_positive": 2182,
        "output_positive": 3639,
        "output_negative": 3639
      }
    },
    {
      "fold": 4,
      "num_train": 5064,
      "num_validation": 1323,
      "best_epoch": 31,
      "metrics_at_0_5": {
        "accuracy": 0.9289493575207861,
        "balanced_accuracy": 0.915090206475095,
        "precision": 0.8691099476439791,
        "recall": 0.8829787234042553,
        "specificity": 0.9472016895459345,
        "f1": 0.8759894459102903,
        "mcc": 0.8262565234319726,
        "auroc": 0.963987620481251,
        "auprc": 0.9280673644977075,
        "tp": 332.0,
        "tn": 897.0,
        "fp": 50.0,
        "fn": 44.0,
        "threshold": 0.5
      },
      "checkpoint_objective": "max_bacc",
      "selection_threshold": 0.22497870028018951,
      "selection_metrics": {
        "accuracy": 0.9304610733182161,
        "balanced_accuracy": 0.9225606057201914,
        "precision": 0.8585858585858586,
        "recall": 0.9042553191489362,
        "specificity": 0.9408658922914467,
        "f1": 0.8808290155440415,
        "mcc": 0.8323394017542822,
        "auroc": 0.963987620481251,
        "auprc": 0.9280673644977075,
        "tp": 340.0,
        "tn": 891.0,
        "fp": 56.0,
        "fn": 36.0,
        "threshold": 0.22497870028018951
      },
      "smote_report": {
        "original_positive": 1442,
        "original_negative": 3622,