{
  "protocol": {
    "features": "data\\processed\\train_prott5_official_mean.pt",
    "fold_manifest": "data\\folds\\train_cdhit080_fallback_folds.csv",
    "augmentation": "none",
    "augmentation_scope": "training partition of each fold only",
    "checkpoint_selection": "validation balanced_accuracy at threshold 0.5; MCC tie-break",
    "seed": 42,
    "epochs": 150,
    "patience": 20,
    "batch_size": 32,
    "learning_rate": 0.0005,
    "weight_decay": 0.0,
    "neighbor_backend": "auto",
    "smote_target_ratio": 1.0,
    "feature_metadata": {
      "source_fasta": "data/cdhit/input/train.fasta",
      "source_model": "/root/autodl-tmp/models/prot_t5_xl_half_uniref50-enc",
      "pooling": "official_with_eos",
      "includes_eos": true,
      "num_samples": 6387,
      "feature_dim": 1024
    }
  },
  "folds": [
    {
      "fold": 0,
      "num_train": 5116,
      "num_validation": 1271,
      "best_epoch": 12,
      "metrics_at_0_5": {
        "accuracy": 0.94492525570417,
        "balanced_accuracy": 0.9351930811333877,
        "precision": 0.8975741239892183,
        "recall": 0.9123287671232877,
        "specificity": 0.9580573951434879,
        "f1": 0.904891304347826,
        "mcc": 0.8661922613263615,
        "auroc": 0.974489703347546,
        "auprc": 0.9487080507746105,
        "tp": 333.0,
        "tn": 868.0,
        "fp": 38.0,
        "fn": 32.0,
        "threshold": 0.5
      },
      "smote_report": null
    },
    {
      "fold": 1,
      "num_train": 5158,
      "num_validation": 1229,
      "best_epoch": 7,
      "metrics_at_0_5": {
        "accuracy": 0.9316517493897477,
        "balanced_accuracy": 0.9158739291650684,
        "precision": 0.8876404494382022,
        "recall": 0.8777777777777778,
        "specificity": 0.953970080552359,
        "f1": 0.88268156424581,
        "mcc": 0.8344891781983969,
        "auroc": 0.968702851297788,
        "auprc": 0.9155655735338305,
        "tp": 316.0,
        "tn": 829.0,
        "fp": 40.0,
        "fn": 44.0,
        "threshold": 0.5
      },
      "smote_report": null
    },
    {
      "fold": 2,
      "num_train": 5114,
      "num_validation": 1273,
      "best_epoch": 6,
      "metrics_at_0_5": {
        "accuracy": 0.9293008641005499,
        "balanced_accuracy": 0.9139796968620195,
        "precision": 0.8694444444444445,
        "recall": 0.8792134831460674,
        "specificity": 0.9487459105779716,
        "f1": 0.8743016759776536,
        "mcc": 0.8251484069081244,
        "auroc": 0.968399642213863,
        "auprc": 0.9285428039260549,
        "tp": 313.0,
        "tn": 870.0,
        "fp": 47.0,
        "fn": 43.0,
        "threshold": 0.5
      },
      "smote_report": null
    },
    {
      "fold": 3,
      "num_train": 5096,
      "num_validation": 1291,
      "best_epoch": 23,
      "metrics_at_0_5": {
        "accuracy": 0.9287374128582494,
        "balanced_accuracy": 0.9191835701307598,
        "precision": 0.8548812664907651,
        "recall": 0.8975069252077562,
        "specificity": 0.9408602150537635,
        "f1": 0.8756756756756756,
        "mcc": 0.82625157227605,
        "auroc": 0.958350460191225,
        "auprc": 0.9191263480880207,
        "tp": 324.0,
        "tn": 875.0,
        "fp": 55.0,
        "fn": 37.0,
        "threshold": 0.5
      },
      "smote_report": null
    },
    {
      "fold": 4,
      "num_train": 5064,
      "num_validation": 1323,
      "best_epoch": 39,
      "metrics_at_0_5": {
        "accuracy": 0.9244142101284959,
        "balanced_accuracy": 0.9151295243658586,
        "precision": 0.8484848484848485,
        "recall": 0.8936170212765957,
        "specificity": 0.9366420274551215,
        "f1": 0.8704663212435233,
        "mcc": 0.8177020178497626,
        "auroc": 0.9638036689208924,
        "auprc": 0.9286817158728076,
        "tp": 336.0,
        "tn": 887.0,
        "fp": 60.0,
        "fn": 40.0,
        "threshold": 0.5
      },
      "smote_report": null
    }
  ],
  "oof_at_0_5": {
    "accuracy": 0.9317363394394864,
    "balanced_accuracy": 0.919830656736061,
    "precision": 0.8711063372717508,
    "recall": 0.8921892189218922,
    "specificity": 0.9474720945502298,
    "f1": 0.8815217391304347,
    "mcc": 0.8337052423486578,
    "auroc": 0.9624465565400926,
    "auprc": 0.916671580606099,
    "tp": 1622.0,
    "tn": 4329.0,
    "fp": 240.0,
    "fn": 196.0,
    "threshold": 0.5
  },
  "oof_bacc_threshold": 0.377916157245636,
  "oof_at_bacc_threshold": {
    "accuracy": 0.9287615468921246,
    "balanced_accuracy": 0.9210633144732727,
    "precision": 0.8547631441957314,
    "recall": 0.9031903190319032,
    "specificity": 0.9389363099146422,
    "f1": 0.8783097084782028,
    "mcc": 0.8286323363568047,
    "auroc": 0.9624465565400926,
    "auprc": 0.916671580606099,
    "tp": 1642.0,
    "tn": 4290.0,
    "fp": 279.0,
    "fn": 176.0,
    "threshold": 0.377916157245636
  }
}