{
  "accuracy": 0.9369449378330373,
  "balanced_accuracy": 0.9173270781637717,
  "precision": 0.9029126213592233,
  "recall": 0.871875,
  "f1": 0.8871224165341812,
  "mcc": 0.8436431847200121,
  "auroc": 0.9699499844913152,
  "auprc": 0.9426273139865955,
  "threshold": 0.823286,
  "mean_global_gate": 0.36560769453247743,
  "num_samples": 1126.0,
  "checkpoint_epoch": 15.0
}