{
  "accuracy": 0.9582712369597616,
  "balanced_accuracy": 0.9348228388222259,
  "precision": 0.9433962264150944,
  "recall": 0.8875739644970414,
  "f1": 0.9146341463414636,
  "mcc": 0.8877772485478191,
  "auroc": 0.9806808269879064,
  "auprc": 0.963349354891364,
  "threshold": 0.85,
  "mean_global_gate": 0.37827026102297706,
  "num_samples": 671.0,
  "checkpoint_epoch": 15.0
}