{
  "accuracy": 0.96996996996997,
  "balanced_accuracy": 0.8793650793650793,
  "precision": 0.7,
  "recall": 0.7777777777777778,
  "f1": 0.7368421052631577,
  "mcc": 0.7220906307733551,
  "auroc": 0.9574955908289241,
  "auprc": 0.8022449387032722,
  "threshold": 0.85,
  "mean_global_gate": 0.37782157326603794,
  "num_samples": 333.0,
  "checkpoint_epoch": 15.0
}