{
  "accuracy": 0.9378330373001776,
  "balanced_accuracy": 0.9179474255583127,
  "precision": 0.9058441558441559,
  "recall": 0.871875,
  "f1": 0.8885350318471337,
  "mcc": 0.8457502796888533,
  "auroc": 0.9699499844913152,
  "auprc": 0.9426273139865955,
  "threshold": 0.85,
  "mean_global_gate": 0.36560769453247743,
  "num_samples": 1126.0,
  "checkpoint_epoch": 15.0
}