{
  "accuracy": 0.9381443298969072,
  "balanced_accuracy": 0.8471771576898117,
  "precision": 0.5862068965517241,
  "recall": 0.7391304347826086,
  "f1": 0.6538461538461539,
  "mcc": 0.6254071029835933,
  "auroc": 0.9316190785204412,
  "auprc": 0.6969214430828964,
  "threshold": 0.823286,
  "mean_global_gate": 0.3655064385064279,
  "num_samples": 582.0,
  "checkpoint_epoch": 15.0
}