{
  "accuracy": 0.9398625429553265,
  "balanced_accuracy": 0.8481099935107073,
  "precision": 0.5964912280701754,
  "recall": 0.7391304347826086,
  "f1": 0.6601941747572816,
  "mcc": 0.6319616407362544,
  "auroc": 0.9316190785204412,
  "auprc": 0.6969214430828964,
  "threshold": 0.85,
  "mean_global_gate": 0.3655064385064279,
  "num_samples": 582.0,
  "checkpoint_epoch": 15.0
}