{
  "protocol": {
    "method": "stratified_percentile_bootstrap",
    "aggregate_method": "hierarchical_seed_then_stratified_sample_bootstrap",
    "iterations": 5000,
    "confidence": 0.95,
    "random_seed": 42,
    "threshold": 0.85,
    "num_samples": 977,
    "num_positive": 471,
    "num_negative": 506,
    "num_model_seeds": 3
  },
  "runs": [
    {
      "path": "runs\\external_toxinpred3_3d\\seed42\\predictions.csv",
      "point_estimate": {
        "accuracy": 0.7697031729785057,
        "balanced_accuracy": 0.7629087888018933,
        "precision": 0.9183673469387755,
        "recall": 0.5732484076433121,
        "f1": 0.7058823529411765,
        "mcc": 0.5728445624209698,
        "auroc": 0.7923936121111419,
        "auprc": 0.8458952967838373,
        "brier": 0.21343044143023032,
        "ece_10": 0.21016498262329908
      },
      "confidence_interval": {
        "accuracy": {
          "lower": 0.7451381780962129,
          "upper": 0.7932446264073695
        },
        "balanced_accuracy": {
          "lower": 0.7379432479041313,
          "upper": 0.7871780670174466
        },
        "precision": {
          "lower": 0.888524313247674,
          "upper": 0.9471701435025246
        },
        "recall": {
          "lower": 0.5286624203821656,
          "upper": 0.6178343949044586
        },
        "f1": {
          "lower": 0.6675602322309997,
          "upper": 0.741687979539642
        },
        "mcc": {
          "lower": 0.526523117456549,
          "upper": 0.6176901011932053
        },
        "auroc": {
          "lower": 0.7624880415900909,
          "upper": 0.8216575195320696
        },
        "auprc": {
          "lower": 0.8234512567554462,
          "upper": 0.8682954926973699
        },
        "brier": {
          "lower": 0.1897847140473225,
          "upper": 0.23567937132782843
        },
        "ece_10": {
          "lower": 0.18647078943149806,
          "upper": 0.23440404376164956
        }
      }
    },
    {
      "path": "runs\\external_toxinpred3_3d\\seed123\\predictions.csv",
      "point_estimate": {
        "accuracy": 0.7574206755373593,
        "balanced_accuracy": 0.7498762199676074,
        "precision": 0.927007299270073,
        "recall": 0.5392781316348195,
        "f1": 0.6818791946308724,
        "mcc": 0.5558885020352531,
        "auroc": 0.7680802765959233,
        "auprc": 0.8305142938187356,
        "brier": 0.22753177910815695,
        "ece_10": 0.2256916969072226
      },
      "confidence_interval": {
        "accuracy": {
          "lower": 0.7338792221084954,
          "upper": 0.7809621289662231
        },
        "balanced_accuracy": {
          "lower": 0.7256069417520539,
          "upper": 0.7739270474056543
        },
        "precision": {
          "lower": 0.8972314495556865,
          "upper": 0.9548904701199364
        },
        "recall": {
          "lower": 0.49469214437367304,
          "upper": 0.583864118895966
        },
        "f1": {
          "lower": 0.6421718316956413,
          "upper": 0.7194805194805195
        },
        "mcc": {
          "lower": 0.5112680414456717,
          "upper": 0.6003216104406986
        },
        "auroc": {
          "lower": 0.7355636292305497,
          "upper": 0.798425843172797
        },
        "auprc": {
          "lower": 0.8061532983673999,
          "upper": 0.8536419062174545
        },
        "brier": {
          "lower": 0.20500460704995477,
          "upper": 0.25040309661846666
        },
        "ece_10": {
          "lower": 0.2046723516356977,
          "upper": 0.25164225932004586
        }
      }
    },
    {
      "path": "runs\\external_toxinpred3_3d\\seed2025\\predictions.csv",
      "point_estimate": {
        "accuracy": 0.7400204708290685,
        "balanced_accuracy": 0.7322700838347473,
        "precision": 0.9033457249070632,
        "recall": 0.5159235668789809,
        "f1": 0.6567567567567568,
        "mcc": 0.5196563223881178,
        "auroc": 0.7282965349982797,
        "auprc": 0.8048058449827312,
        "brier": 0.23705011064506773,
        "ece_10": 0.22668822637646174
      },
      "confidence_interval": {
        "accuracy": {
          "lower": 0.7164790174002047,
          "upper": 0.7635619242579325
        },
        "balanced_accuracy": {
          "lower": 0.7081476632847444,
          "upper": 0.7569799350469525
        },
        "precision": {
          "lower": 0.8687926148032531,
          "upper": 0.9372696941255126
        },
        "recall": {
          "lower": 0.4713375796178344,
          "upper": 0.5605095541401274
        },
        "f1": {
          "lower": 0.6162464985994398,
          "upper": 0.6955380577427821
        },
        "mcc": {
          "lower": 0.47301483174562203,
          "upper": 0.5667418172914296
        },
        "auroc": {
          "lower": 0.6938892525364416,
          "upper": 0.7610889076307242
        },
        "auprc": {
          "lower": 0.7795020564027403,
          "upper": 0.8294398806217821
        },
        "brier": {
          "lower": 0.2142930356095568,
          "upper": 0.2604202170795334
        },
        "ece_10": {
          "lower": 0.20484608687239905,
          "upper": 0.25297854858907726
        }
      }
    }
  ],
  "aggregate": {
    "point_estimate": {
      "accuracy": 0.7557147731149779,
      "balanced_accuracy": 0.7483516975347494,
      "precision": 0.9162401237053039,
      "recall": 0.5428167020523708,
      "f1": 0.6815061014429352,
      "mcc": 0.5494631289481137,
      "auroc": 0.7629234745684483,
      "auprc": 0.8270718118617681,
      "brier": 0.226004110394485,
      "ece_10": 0.2208483019689945
    },
    "confidence_interval": {
      "accuracy": {
        "lower": 0.7226202661207779,
        "upper": 0.7871289662231317
      },
      "balanced_accuracy": {
        "lower": 0.7142225355185754,
        "upper": 0.7811087019460737
      },
      "precision": {
        "lower": 0.8767593575149528,
        "upper": 0.9505750230441294
      },
      "recall": {
        "lower": 0.4819532908704883,
        "upper": 0.6072186836518046
      },
      "f1": {
        "lower": 0.6269019716031701,
        "upper": 0.7329032258064515
      },
      "mcc": {
        "lower": 0.48478775088611925,
        "upper": 0.6075632443606691
      },
      "auroc": {
        "lower": 0.7039975705546184,
        "upper": 0.815274351098915
      },
      "auprc": {
        "lower": 0.7869144379588457,
        "upper": 0.8625037552799553
      },
      "brier": {
        "lower": 0.19617170941837575,
        "upper": 0.25434748314908573
      },
      "ece_10": {
        "lower": 0.19280738702837344,
        "upper": 0.24973545455322332
      }
    }
  }
}
