{
  "accuracy": 0.9289520426287744,
  "balanced_accuracy": 0.8985538151364765,
  "precision": 0.9137931034482759,
  "recall": 0.828125,
  "f1": 0.8688524590163935,
  "mcc": 0.8221618841712967,
  "auroc": 0.9649329249379652,
  "auprc": 0.9276488800107716,
  "threshold": 0.85,
  "mean_global_gate": 0.37531711587262195,
  "num_samples": 1126.0,
  "checkpoint_epoch": 17.0
}