{
  "accuracy": 0.9347079037800687,
  "balanced_accuracy": 0.7956278390655418,
  "precision": 0.58,
  "recall": 0.6304347826086957,
  "f1": 0.6041666666666666,
  "mcc": 0.5692405333462481,
  "auroc": 0.9237508111615834,
  "auprc": 0.6216893335648891,
  "threshold": 0.85,
  "mean_global_gate": 0.3755754705556889,
  "num_samples": 582.0,
  "checkpoint_epoch": 17.0
}