{
  "accuracy": 0.929553264604811,
  "balanced_accuracy": 0.802766060999351,
  "precision": 0.5454545454545454,
  "recall": 0.6521739130434783,
  "f1": 0.594059405940594,
  "mcc": 0.558485426322121,
  "auroc": 0.9221284879948086,
  "auprc": 0.6802204322175179,
  "threshold": 0.5,
  "mean_global_gate": 0.0,
  "num_samples": 582.0,
  "checkpoint_epoch": 6.0
}