{
  "accuracy": 0.9298401420959147,
  "balanced_accuracy": 0.9038849255583127,
  "precision": 0.903010033444816,
  "recall": 0.84375,
  "f1": 0.8723747980613894,
  "mcc": 0.8249769241062495,
  "auroc": 0.9699945719602978,
  "auprc": 0.940940766786196,
  "threshold": 0.5,
  "mean_global_gate": 0.0,
  "num_samples": 1126.0,
  "checkpoint_epoch": 6.0
}