{
  "accuracy": 0.9289520426287744,
  "balanced_accuracy": 0.9202233250620347,
  "precision": 0.8571428571428571,
  "recall": 0.9,
  "f1": 0.8780487804878048,
  "mcc": 0.8284560545682961,
  "auroc": 0.9733017990074442,
  "auprc": 0.9468495441058651,
  "threshold": 0.5,
  "mean_global_gate": 0.0,
  "num_samples": 1126.0,
  "checkpoint_epoch": 6.0
}