{
  "accuracy": 0.915807560137457,
  "balanced_accuracy": 0.8549237508111616,
  "precision": 0.48,
  "recall": 0.782608695652174,
  "f1": 0.5950413223140497,
  "mcc": 0.5715993910625583,
  "auroc": 0.9414746917585983,
  "auprc": 0.715502774019782,
  "threshold": 0.5,
  "mean_global_gate": 0.0,
  "num_samples": 582.0,
  "checkpoint_epoch": 6.0
}