{
  "accuracy": 0.9307282415630551,
  "balanced_accuracy": 0.9148689516129033,
  "precision": 0.878125,
  "recall": 0.878125,
  "f1": 0.878125,
  "mcc": 0.8297379032258064,
  "auroc": 0.9719331575682382,
  "auprc": 0.9311490352493994,
  "threshold": 0.25,
  "mean_global_gate": 0.0,
  "num_samples": 1126.0,
  "checkpoint_epoch": 7.0
}