{
  "accuracy": 0.9312714776632303,
  "balanced_accuracy": 0.8633192731992213,
  "precision": 0.5454545454545454,
  "recall": 0.782608695652174,
  "f1": 0.6428571428571429,
  "mcc": 0.6182767629981345,
  "auroc": 0.9336064243997404,
  "auprc": 0.6622093712800193,
  "threshold": 0.25,
  "mean_global_gate": 0.0,
  "num_samples": 582.0,
  "checkpoint_epoch": 7.0
}