{
  "threshold": 0.25,
  "metric": "mcc",
  "score": 0.86228670304805,
  "num_validation_samples": 958.0,
  "checkpoint_epoch": 7.0,
  "val_accuracy": 0.9436325678496869,
  "val_balanced_accuracy": 0.931143351524025,
  "val_precision": 0.9018181818181819,
  "val_recall": 0.9018181818181819,
  "val_f1": 0.9018181818181819,
  "val_mcc": 0.86228670304805,
  "val_auroc": 0.9725222946892053,
  "val_auprc": 0.9420842550147555
}