{
  "protocol": {
    "baseline_predictions": "runs\\3d_v2_default\\oof_predictions.csv",
    "expert_predictions": "runs\\plm_textcnn_esm2_bsmote\\oof_predictions.csv",
    "selection": "leave-one-fold-out weight and threshold selection; balanced_accuracy primary",
    "weight_step": 0.01,
    "threshold_step": 0.005,
    "num_samples": 6387,
    "num_folds": 5
  },
  "baseline_at_declared_oof_threshold": {
    "accuracy": 0.9339282918428057,
    "balanced_accuracy": 0.9132485966915799,
    "precision": 0.8988571428571429,
    "recall": 0.8652365236523653,
    "specificity": 0.9612606697307945,
    "f1": 0.8817264573991032,
    "mcc": 0.8362022452360004,
    "auroc": 0.9605914301213444,
    "auprc": 0.9281143947898024,
    "tp": 1573.0,
    "tn": 4392.0,
    "fp": 177.0,
    "fn": 245.0,
    "threshold": 0.677819
  },
  "expert_at_declared_oof_threshold": {
    "accuracy": 0.9275090026616565,
    "balanced_accuracy": 0.9191942831840636,
    "precision": 0.8534167970787689,
    "recall": 0.8998899889988999,
    "specificity": 0.9384985773692274,
    "f1": 0.876037483266399,
    "mcc": 0.8254448217051001,
    "auroc": 0.9623446476842913,
    "auprc": 0.9266956999942711,
    "tp": 1636.0,
    "tn": 4288.0,
    "fp": 281.0,
    "fn": 182.0,
    "threshold": 0.35
  },
  "crossfit_fold_selection": [
    {
      "heldout_fold": 0,
      "expert_weight": 0.61,
      "baseline_weight": 0.39,
      "threshold": 0.34500000000000003,
      "selection_objective": "balanced_accuracy",
      "training_primary_metric": 0.923821744537505,
      "training_secondary_metric": 0.8276221078143361
    },
    {
      "heldout_fold": 1,
      "expert_weight": 0.67,
      "baseline_weight": 0.32999999999999996,
      "threshold": 0.31,
      "selection_objective": "balanced_accuracy",
      "training_primary_metric": 0.9286807177547918,
      "training_secondary_metric": 0.8366354301219933
    },
    {
      "heldout_fold": 2,
      "expert_weight": 0.66,
      "baseline_weight": 0.33999999999999997,
      "threshold": 0.305,
      "selection_objective": "balanced_accuracy",
      "training_primary_metric": 0.9257584997370405,
      "training_secondary_metric": 0.8305053150032007
    },
    {
      "heldout_fold": 3,
      "expert_weight": 0.47000000000000003,
      "baseline_weight": 0.53,
      "threshold": 0.465,
      "selection_objective": "balanced_accuracy",
      "training_primary_metric": 0.9231723438393232,
      "training_secondary_metric": 0.8376406941677774
    },
    {
      "heldout_fold": 4,
      "expert_weight": 0.66,
      "baseline_weight": 0.33999999999999997,
      "threshold": 0.305,
      "selection_objective": "balanced_accuracy",
      "training_primary_metric": 0.9265798238687755,
      "training_secondary_metric": 0.8324839762380523
    }
  ],
  "crossfit_metrics": {
    "accuracy": 0.9278221387192735,
    "balanced_accuracy": 0.9232218198838925,
    "precision": 0.845996940336563,
    "recall": 0.9125412541254125,
    "specificity": 0.9339023856423725,
    "f1": 0.8780100555702567,
    "mcc": 0.8280585825823702,
    "auroc": 0.970789779787784,
    "auprc": 0.9447779438283158,
    "tp": 1659.0,
    "tn": 4267.0,
    "fp": 302.0,
    "fn": 159.0
  },
  "frozen_parameters_from_all_oof": {
    "expert_weight": 0.66,
    "baseline_weight": 0.33999999999999997,
    "threshold": 0.305,
    "selection_objective": "balanced_accuracy",
    "training_primary_metric": 0.9255401410134447,
    "training_secondary_metric": 0.8293408227081012
  },
  "frozen_oof_metrics": {
    "accuracy": 0.9278221387192735,
    "balanced_accuracy": 0.9255401410134447,
    "precision": 0.8411261940673705,
    "recall": 0.9202420242024203,
    "specificity": 0.9308382578244693,
    "f1": 0.8789072760703966,
    "mcc": 0.8293408227081012,
    "auroc": 0.9707052670686197,
    "auprc": 0.944694424662267,
    "tp": 1673.0,
    "tn": 4253.0,
    "fp": 316.0,
    "fn": 145.0,
    "threshold": 0.305
  }
}