{
  "accuracy": 0.7574206755373593,
  "balanced_accuracy": 0.7498762199676074,
  "precision": 0.927007299270073,
  "recall": 0.5392781316348195,
  "f1": 0.6818791946308724,
  "mcc": 0.5558885020352531,
  "auroc": 0.7680802765959233,
  "auprc": 0.8305142938187356,
  "threshold": 0.85,
  "mean_global_gate": 0.37951674194150475,
  "num_samples": 977.0,
  "checkpoint_epoch": 17.0
}