{
  "protocol": {
    "inputs": [
      "runs\\plm_textcnn_prott5_bsmote\\test2_predictions.csv",
      "runs\\plm_textcnn_prott5_bsmote_seed123\\test2_predictions.csv",
      "runs\\plm_textcnn_prott5_bsmote_seed2025\\test2_predictions.csv"
    ],
    "ensemble": "unweighted arithmetic mean of aligned probabilities",
    "threshold": 0.45,
    "threshold_selected_from_test_labels": false
  },
  "metrics": {
    "accuracy": 0.936426116838488,
    "balanced_accuracy": 0.8859912394548994,
    "precision": 0.5671641791044776,
    "recall": 0.8260869565217391,
    "specificity": 0.9458955223880597,
    "f1": 0.672566371681416,
    "mcc": 0.652570952538099,
    "auroc": 0.9587929915639195,
    "auprc": 0.7494876495965054,
    "tp": 38.0,
    "tn": 507.0,
    "fp": 29.0,
    "fn": 8.0,
    "threshold": 0.45
  }
}