{
  "protocol": {
    "processed": "data/processed/train_chemical_sites_final_esm2_pepflow.pt",
    "fold_manifest": "data/folds/train_cdhit080_fallback_folds.csv",
    "num_folds": 5,
    "num_samples": 6387,
    "threshold_selection": "all OOF predictions maximize mcc",
    "mc_dropout_samples": 0
  },
  "fold_metrics_at_0.5": [
    {
      "fold": 0,
      "checkpoint": "runs/conformer_ensemble_residual_calibrated_fold0/best_model.pt",
      "checkpoint_epoch": 23,
      "accuracy": 0.946498819826908,
      "balanced_accuracy": 0.9256630076506698,
      "precision": 0.9329446064139941,
      "sensitivity": 0.8767123287671232,
      "sn": 0.8767123287671232,
      "recall": 0.8767123287671232,
      "specificity": 0.9746136865342163,
      "sp": 0.9746136865342163,
      "f1": 0.9039548022598869,
      "mcc": 0.8677315492423683,
      "brier": 0.05002695322036743,
      "ece_10": 0.047963887453079224,
      "tp": 320.0,
      "tn": 883.0,
      "fp": 23.0,
      "fn": 45.0,
      "auroc": 0.9738607154737065,
      "auprc": 0.9554944275314621
    },
    {
      "fold": 1,
      "checkpoint": "runs/conformer_ensemble_residual_calibrated_fold1/best_model.pt",
      "checkpoint_epoch": 18,
      "accuracy": 0.9104963384865744,
      "balanced_accuracy": 0.9025412351361719,
      "precision": 0.8238341968911918,
      "sensitivity": 0.8833333333333333,
      "sn": 0.8833333333333333,
      "recall": 0.8833333333333333,
      "specificity": 0.9217491369390104,
      "sp": 0.9217491369390104,
      "f1": 0.8525469168900803,
      "mcc": 0.789394451413845,
      "brier": 0.07310650497674942,
      "ece_10": 0.06281819939613342,
      "tp": 318.0,
      "tn": 801.0,
      "fp": 68.0,
      "fn": 42.0,
      "auroc": 0.9623961130290246,
      "auprc": 0.9273270234099871
    },
    {
      "fold": 2,
      "checkpoint": "runs/conformer_ensemble_residual_calibrated_fold2/best_model.pt",
      "checkpoint_epoch": 9,
      "accuracy": 0.9347996857816182,
      "balanced_accuracy": 0.916937252643574,
      "precision": 0.8888888888888888,
      "sensitivity": 0.8764044943820225,
      "sn": 0.8764044943820225,
      "recall": 0.8764044943820225,
      "specificity": 0.9574700109051254,
      "sp": 0.9574700109051254,
      "f1": 0.8826025459688827,
      "mcc": 0.8375125894813064,
      "brier": 0.056220900267362595,
      "ece_10": 0.047508955001831055,
      "tp": 312.0,
      "tn": 878.0,
      "fp": 39.0,
      "fn": 44.0,
      "auroc": 0.9753960766054428,
      "auprc": 0.9464494323113438
    },
    {
      "fold": 3,
      "checkpoint": "runs/conformer_ensemble_residual_calibrated_fold3/best_model.pt",
      "checkpoint_epoch": 12,
      "accuracy": 0.9395817195972115,
      "balanced_accuracy": 0.9292526732791231,
      "precision": 0.8814016172506739,
      "sensitivity": 0.9058171745152355,
      "sn": 0.9058171745152355,
      "recall": 0.9058171745152355,
      "specificity": 0.9526881720430107,
      "sp": 0.9526881720430107,
      "f1": 0.8934426229508197,
      "mcc": 0.8514461987533616,
      "brier": 0.05206836760044098,
      "ece_10": 0.04398718103766441,
      "tp": 327.0,
      "tn": 886.0,
      "fp": 44.0,
      "fn": 34.0,
      "auroc": 0.9690257051797575,
      "auprc": 0.9416641429906891
    },
    {
      "fold": 4,
      "checkpoint": "runs/conformer_ensemble_residual_calibrated_fold4/best_model.pt",
      "checkpoint_epoch": 1,
      "accuracy": 0.9297052154195011,
      "balanced_accuracy": 0.912410973061628,
      "precision": 0.8793565683646113,
      "sensitivity": 0.8723404255319149,
      "sn": 0.8723404255319149,
      "recall": 0.8723404255319149,
      "specificity": 0.9524815205913411,
      "sp": 0.9524815205913411,
      "f1": 0.8758344459279038,
      "mcc": 0.8268236704006815,
      "brier": 0.06588277220726013,
      "ece_10": 0.06379201263189316,
      "tp": 328.0,
      "tn": 902.0,
      "fp": 45.0,
      "fn": 48.0,
      "auroc": 0.9658776876586758,
      "auprc": 0.9311522002021487
    }
  ],
  "aggregate_at_0.5": {
    "accuracy": 0.9323626115547206,
    "balanced_accuracy": 0.9174532850527337,
    "precision": 0.8799342105263158,
    "sensitivity": 0.8828382838283828,
    "sn": 0.8828382838283828,
    "recall": 0.8828382838283828,
    "specificity": 0.9520682862770847,
    "sp": 0.9520682862770847,
    "f1": 0.8813838550247117,
    "mcc": 0.8340800732746991,
    "brier": 0.059399496763944626,
    "ece_10": 0.05110902339220047,
    "tp": 1605.0,
    "tn": 4350.0,
    "fp": 219.0,
    "fn": 213.0,
    "auroc": 0.960692676840457,
    "auprc": 0.9281708597568626
  },
  "oof_threshold": 0.676449,
  "aggregate_at_oof_threshold": {
    "accuracy": 0.9350242680444654,
    "balanced_accuracy": 0.9151737892108318,
    "precision": 0.8992601024473534,
    "sensitivity": 0.8690869086908691,
    "sn": 0.8690869086908691,
    "recall": 0.8690869086908691,
    "specificity": 0.9612606697307945,
    "sp": 0.9612606697307945,
    "f1": 0.8839160839160839,
    "mcc": 0.8390562286130586,
    "brier": 0.059399496763944626,
    "ece_10": 0.05110902339220047,
    "tp": 1580.0,
    "tn": 4392.0,
    "fp": 177.0,
    "fn": 238.0,
    "auroc": 0.960692676840457,
    "auprc": 0.9281708597568626
  }
}
