{
  "protocol": {
    "processed": "data/processed/train_chemical_sites_final_esm2_pepflow_pilot250.pt",
    "fold_manifest": "data/folds/pepflow_pilot250_folds.csv",
    "num_folds": 5,
    "num_samples": 250,
    "threshold_selection": "all OOF predictions maximize mcc",
    "mc_dropout_samples": 0
  },
  "fold_metrics_at_0.5": [
    {
      "fold": 0,
      "checkpoint": "runs/chemical_site_ablation_include_same_residue_fold0/best_model.pt",
      "checkpoint_epoch": 8,
      "accuracy": 0.8275862068965517,
      "balanced_accuracy": 0.8363201911589009,
      "precision": 0.9565217391304348,
      "sensitivity": 0.7096774193548387,
      "sn": 0.7096774193548387,
      "recall": 0.7096774193548387,
      "specificity": 0.9629629629629629,
      "sp": 0.9629629629629629,
      "f1": 0.8148148148148149,
      "mcc": 0.6858793469445781,
      "brier": 0.1631903499364853,
      "ece_10": 0.17395785450935364,
      "tp": 22.0,
      "tn": 26.0,
      "fp": 1.0,
      "fn": 9.0,
      "auroc": 0.8924731182795699,
      "auprc": 0.928003858467416
    },
    {
      "fold": 1,
      "checkpoint": "runs/chemical_site_ablation_include_same_residue_fold1/best_model.pt",
      "checkpoint_epoch": 8,
      "accuracy": 0.7647058823529411,
      "balanced_accuracy": 0.7546583850931676,
      "precision": 0.7894736842105263,
      "sensitivity": 0.6521739130434783,
      "sn": 0.6521739130434783,
      "recall": 0.6521739130434783,
      "specificity": 0.8571428571428571,
      "sp": 0.8571428571428571,
      "f1": 0.7142857142857143,
      "mcc": 0.5241783994430029,
      "brier": 0.22001038491725922,
      "ece_10": 0.2445155829191208,
      "tp": 15.0,
      "tn": 24.0,
      "fp": 4.0,
      "fn": 8.0,
      "auroc": 0.782608695652174,
      "auprc": 0.7483257469142054
    },
    {
      "fold": 2,
      "checkpoint": "runs/chemical_site_ablation_include_same_residue_fold2/best_model.pt",
      "checkpoint_epoch": 14,
      "accuracy": 0.7446808510638298,
      "balanced_accuracy": 0.6852941176470588,
      "precision": 0.7272727272727273,
      "sensitivity": 0.47058823529411764,
      "sn": 0.47058823529411764,
      "recall": 0.47058823529411764,
      "specificity": 0.9,
      "sp": 0.9,
      "f1": 0.5714285714285714,
      "mcc": 0.4205611224947102,
      "brier": 0.2453857958316803,
      "ece_10": 0.2584943175315857,
      "tp": 8.0,
      "tn": 27.0,
      "fp": 3.0,
      "fn": 9.0,
      "auroc": 0.8333333333333334,
      "auprc": 0.7607288609223595
    },
    {
      "fold": 3,
      "checkpoint": "runs/chemical_site_ablation_include_same_residue_fold3/best_model.pt",
      "checkpoint_epoch": 2,
      "accuracy": 0.7777777777777778,
      "balanced_accuracy": 0.7510121457489879,
      "precision": 0.8461538461538461,
      "sensitivity": 0.5789473684210527,
      "sn": 0.5789473684210527,
      "recall": 0.5789473684210527,
      "specificity": 0.9230769230769231,
      "sp": 0.9230769230769231,
      "f1": 0.6875,
      "mcc": 0.5470682884605703,
      "brier": 0.18743333220481873,
      "ece_10": 0.2100076675415039,
      "tp": 11.0,
      "tn": 24.0,
      "fp": 2.0,
      "fn": 8.0,
      "auroc": 0.8319838056680161,
      "auprc": 0.7920547311414186
    },
    {
      "fold": 4,
      "checkpoint": "runs/chemical_site_ablation_include_same_residue_fold4/best_model.pt",
      "checkpoint_epoch": 4,
      "accuracy": 0.7755102040816326,
      "balanced_accuracy": 0.75,
      "precision": 0.8571428571428571,
      "sensitivity": 0.5714285714285714,
      "sn": 0.5714285714285714,
      "recall": 0.5714285714285714,
      "specificity": 0.9285714285714286,
      "sp": 0.9285714285714286,
      "f1": 0.6857142857142857,
      "mcc": 0.5477225575051662,
      "brier": 0.21423932909965515,
      "ece_10": 0.219187393784523,
      "tp": 12.0,
      "tn": 26.0,
      "fp": 2.0,
      "fn": 9.0,
      "auroc": 0.8520408163265305,
      "auprc": 0.8530622951521747
    }
  ],
  "aggregate_at_0.5": {
    "accuracy": 0.78,
    "balanced_accuracy": 0.763140838680407,
    "precision": 0.85,
    "sensitivity": 0.6126126126126126,
    "sn": 0.6126126126126126,
    "recall": 0.6126126126126126,
    "specificity": 0.9136690647482014,
    "sp": 0.9136690647482014,
    "f1": 0.7120418848167538,
    "mcc": 0.5605542963265318,
    "brier": 0.20460371673107147,
    "ece_10": 0.19846321642398834,
    "tp": 68.0,
    "tn": 127.0,
    "fp": 12.0,
    "fn": 43.0,
    "auroc": 0.8188476246030202,
    "auprc": 0.8223443453952044
  },
  "oof_threshold": 0.41,
  "aggregate_at_oof_threshold": {
    "accuracy": 0.784,
    "balanced_accuracy": 0.7676453431849115,
    "precision": 0.8518518518518519,
    "sensitivity": 0.6216216216216216,
    "sn": 0.6216216216216216,
    "recall": 0.6216216216216216,
    "specificity": 0.9136690647482014,
    "sp": 0.9136690647482014,
    "f1": 0.7187499999999999,
    "mcc": 0.568293534186773,
    "brier": 0.20460371673107147,
    "ece_10": 0.19846321642398834,
    "tp": 69.0,
    "tn": 127.0,
    "fp": 12.0,
    "fn": 42.0,
    "auroc": 0.8188476246030202,
    "auprc": 0.8223443453952044
  }
}
