{
  "protocol": {
    "processed": "data/processed/train_chemical_sites_final_esm2_pepflow_pilot250.pt",
    "fold_manifest": "data/folds/pepflow_pilot250_folds.csv",
    "num_folds": 5,
    "num_samples": 250,
    "threshold_selection": "all OOF predictions maximize mcc",
    "mc_dropout_samples": 0
  },
  "fold_metrics_at_0.5": [
    {
      "fold": 0,
      "checkpoint": "runs/conformer_ensemble_residual_calibrated_fold0/best_model.pt",
      "checkpoint_epoch": 23,
      "accuracy": 0.8275862068965517,
      "balanced_accuracy": 0.8363201911589009,
      "precision": 0.9565217391304348,
      "sensitivity": 0.7096774193548387,
      "sn": 0.7096774193548387,
      "recall": 0.7096774193548387,
      "specificity": 0.9629629629629629,
      "sp": 0.9629629629629629,
      "f1": 0.8148148148148149,
      "mcc": 0.6858793469445781,
      "brier": 0.16478900611400604,
      "ece_10": 0.174904465675354,
      "tp": 22.0,
      "tn": 26.0,
      "fp": 1.0,
      "fn": 9.0,
      "auroc": 0.8960573476702509,
      "auprc": 0.9298051752921292
    },
    {
      "fold": 1,
      "checkpoint": "runs/conformer_ensemble_residual_calibrated_fold1/best_model.pt",
      "checkpoint_epoch": 18,
      "accuracy": 0.7647058823529411,
      "balanced_accuracy": 0.7546583850931676,
      "precision": 0.7894736842105263,
      "sensitivity": 0.6521739130434783,
      "sn": 0.6521739130434783,
      "recall": 0.6521739130434783,
      "specificity": 0.8571428571428571,
      "sp": 0.8571428571428571,
      "f1": 0.7142857142857143,
      "mcc": 0.5241783994430029,
      "brier": 0.2082558572292328,
      "ece_10": 0.20392762124538422,
      "tp": 15.0,
      "tn": 24.0,
      "fp": 4.0,
      "fn": 8.0,
      "auroc": 0.7934782608695652,
      "auprc": 0.7600892606329275
    },
    {
      "fold": 2,
      "checkpoint": "runs/conformer_ensemble_residual_calibrated_fold2/best_model.pt",
      "checkpoint_epoch": 9,
      "accuracy": 0.7446808510638298,
      "balanced_accuracy": 0.6852941176470588,
      "precision": 0.7272727272727273,
      "sensitivity": 0.47058823529411764,
      "sn": 0.47058823529411764,
      "recall": 0.47058823529411764,
      "specificity": 0.9,
      "sp": 0.9,
      "f1": 0.5714285714285714,
      "mcc": 0.4205611224947102,
      "brier": 0.24126309156417847,
      "ece_10": 0.2531450390815735,
      "tp": 8.0,
      "tn": 27.0,
      "fp": 3.0,
      "fn": 9.0,
      "auroc": 0.8352941176470589,
      "auprc": 0.7623273263955053
    },
    {
      "fold": 3,
      "checkpoint": "runs/conformer_ensemble_residual_calibrated_fold3/best_model.pt",
      "checkpoint_epoch": 12,
      "accuracy": 0.8,
      "balanced_accuracy": 0.7773279352226721,
      "precision": 0.8571428571428571,
      "sensitivity": 0.631578947368421,
      "sn": 0.631578947368421,
      "recall": 0.631578947368421,
      "specificity": 0.9230769230769231,
      "sp": 0.9230769230769231,
      "f1": 0.7272727272727273,
      "mcc": 0.5917553916552442,
      "brier": 0.1843704879283905,
      "ece_10": 0.207424134016037,
      "tp": 12.0,
      "tn": 24.0,
      "fp": 2.0,
      "fn": 7.0,
      "auroc": 0.8299595141700404,
      "auprc": 0.7898187490292754
    },
    {
      "fold": 4,
      "checkpoint": "runs/conformer_ensemble_residual_calibrated_fold4/best_model.pt",
      "checkpoint_epoch": 1,
      "accuracy": 0.7755102040816326,
      "balanced_accuracy": 0.75,
      "precision": 0.8571428571428571,
      "sensitivity": 0.5714285714285714,
      "sn": 0.5714285714285714,
      "recall": 0.5714285714285714,
      "specificity": 0.9285714285714286,
      "sp": 0.9285714285714286,
      "f1": 0.6857142857142857,
      "mcc": 0.5477225575051662,
      "brier": 0.21440711617469788,
      "ece_10": 0.21941232681274414,
      "tp": 12.0,
      "tn": 26.0,
      "fp": 2.0,
      "fn": 9.0,
      "auroc": 0.8520408163265305,
      "auprc": 0.8530622951521747
    }
  ],
  "aggregate_at_0.5": {
    "accuracy": 0.784,
    "balanced_accuracy": 0.7676453431849115,
    "precision": 0.8518518518518519,
    "sensitivity": 0.6216216216216216,
    "sn": 0.6216216216216216,
    "recall": 0.6216216216216216,
    "specificity": 0.9136690647482014,
    "sp": 0.9136690647482014,
    "f1": 0.7187499999999999,
    "mcc": 0.568293534186773,
    "brier": 0.20128315687179565,
    "ece_10": 0.19598811864852905,
    "tp": 69.0,
    "tn": 127.0,
    "fp": 12.0,
    "fn": 42.0,
    "auroc": 0.8211160801088858,
    "auprc": 0.8248427738155694
  },
  "oof_threshold": 0.682389,
  "aggregate_at_oof_threshold": {
    "accuracy": 0.788,
    "balanced_accuracy": 0.7694277010823773,
    "precision": 0.881578947368421,
    "sensitivity": 0.6036036036036037,
    "sn": 0.6036036036036037,
    "recall": 0.6036036036036037,
    "specificity": 0.935251798561151,
    "sp": 0.935251798561151,
    "f1": 0.716577540106952,
    "mcc": 0.5820492183821838,
    "brier": 0.20128315687179565,
    "ece_10": 0.19598811864852905,
    "tp": 67.0,
    "tn": 130.0,
    "fp": 9.0,
    "fn": 44.0,
    "auroc": 0.8211160801088858,
    "auprc": 0.8248427738155694
  }
}
