{
  "protocol": {
    "inputs": [
      "runs\\plm_textcnn_esm2_bsmote\\test1_predictions.csv",
      "runs\\plm_textcnn_esm2_bsmote_seed123\\test1_predictions.csv",
      "runs\\plm_textcnn_esm2_bsmote_seed2025\\test1_predictions.csv"
    ],
    "ensemble": "unweighted arithmetic mean of aligned probabilities",
    "threshold": 0.35,
    "threshold_selected_from_test_labels": false
  },
  "metrics": {
    "accuracy": 0.9387211367673179,
    "balanced_accuracy": 0.9336422146401986,
    "precision": 0.8702064896755162,
    "recall": 0.921875,
    "specificity": 0.9454094292803971,
    "f1": 0.8952959028831563,
    "mcc": 0.8527404103569344,
    "auroc": 0.980695564516129,
    "auprc": 0.9594053030276711,
    "tp": 295.0,
    "tn": 762.0,
    "fp": 44.0,
    "fn": 25.0,
    "threshold": 0.35
  }
}