{
  "accuracy": 0.9347079037800687,
  "balanced_accuracy": 0.8453114860480208,
  "precision": 0.5666666666666667,
  "recall": 0.7391304347826086,
  "f1": 0.6415094339622641,
  "mcc": 0.6127614767248043,
  "auroc": 0.9294695003244646,
  "auprc": 0.7240910200421906,
  "threshold": 0.677819,
  "mean_global_gate": 0.3655064385064279,
  "num_samples": 582.0,
  "checkpoint_epoch": 8.0
}