{
  "accuracy": 0.77482088024565,
  "balanced_accuracy": 0.7697586499165009,
  "precision": 0.8680351906158358,
  "recall": 0.6284501061571125,
  "f1": 0.729064039408867,
  "mcc": 0.5655686651352606,
  "auroc": 0.8450903384439801,
  "auprc": 0.874445068024974,
  "threshold": 0.5,
  "mean_global_gate": 0.0,
  "num_samples": 977.0,
  "checkpoint_epoch": 6.0
}