{
  "protocol": {
    "inputs": [
      "runs\\plm_textcnn_esm2_bsmote\\test2_predictions.csv",
      "runs\\plm_textcnn_esm2_bsmote_seed123\\test2_predictions.csv",
      "runs\\plm_textcnn_esm2_bsmote_seed2025\\test2_predictions.csv"
    ],
    "ensemble": "unweighted arithmetic mean of aligned probabilities",
    "threshold": 0.6,
    "threshold_selected_from_test_labels": false
  },
  "metrics": {
    "accuracy": 0.9398625429553265,
    "balanced_accuracy": 0.8580467229072031,
    "precision": 0.5932203389830508,
    "recall": 0.7608695652173914,
    "specificity": 0.9552238805970149,
    "f1": 0.6666666666666667,
    "mcc": 0.6401093327295445,
    "auroc": 0.945489941596366,
    "auprc": 0.7366928278479508,
    "tp": 35.0,
    "tn": 512.0,
    "fp": 24.0,
    "fn": 11.0,
    "threshold": 0.6
  }
}