{
  "accuracy": 0.9278350515463918,
  "balanced_accuracy": 0.781959766385464,
  "precision": 0.5384615384615384,
  "recall": 0.6086956521739131,
  "f1": 0.5714285714285715,
  "mcc": 0.5333825972531377,
  "auroc": 0.9120295262816352,
  "auprc": 0.5881900291345237,
  "threshold": 0.85,
  "mean_global_gate": 0.32977570603598433,
  "num_samples": 582.0,
  "checkpoint_epoch": 10.0
}