{
  "accuracy": 0.91651865008881,
  "balanced_accuracy": 0.8832738833746898,
  "precision": 0.8896551724137931,
  "recall": 0.80625,
  "f1": 0.8459016393442622,
  "mcc": 0.7906414796232245,
  "auroc": 0.9658828318858561,
  "auprc": 0.9305986659379263,
  "threshold": 0.85,
  "mean_global_gate": 0.329258496156806,
  "num_samples": 1126.0,
  "checkpoint_epoch": 10.0
}